,Per week,Cumulatief
Jaar,Week,Periode,Verleende schade,Verleend,Uitgekeerd,Verleende schade,Verleend,Uitgekeerd
2025,26,23-06-2025 t/m 27-06-2025,3359237,3646021,10000,1211080304,1316696412,1000000000
2025,25,16-06-2025 t/m 22-06-2025,5115840,5654293,10000,1207721067,1313050392,1000000000
2025,24,09-06-2025 t/m 15-06-2025,1688239,1838586,10000,1202605228,1307396100,1000000000
2025,23,02-06-2025 t/m 08-06-2025,6254931,6911492,10000,1200916989,1305557514,1000000000
2025,22,26-05-2025 t/m 01-06-2025,1985162,2185639,10000,1194662059,1298646023,1000000000
2025,21,19-05-2025 t/m 25-05-2025,3781592,4112660,10000,1192676898,1296460384,1000000000
2025,20,12-05-2025 t/m 18-05-2025,3564306,3865879,10000,1188895306,1292347725,1000000000
2025,19,05-05-2025 t/m 11-05-2025,3408989,3713454,10000,1185331000,1288481847,1000000000
2025,18,28-04-2025 t/m 04-05-2025,3888368,4240843,10000,1181922012,1284768393,1000000000
2025,17,21-04-2025 t/m 27-04-2025,2907541,3240846,10000,1178033645,1280527551,1000000000
2025,16,14-04-2025 t/m 20-04-2025,3705499,4045409,10000,1175126104,1277286705,1000000000
2025,15,07-04-2025 t/m 13-04-2025,3941568,4308287,10000,1171420605,1273241297,1000000000
2025,14,31-03-2025 t/m 06-04-2025,5392828,5923969,10000,1167479038,1268933010,1000000000
2025,13,24-03-2025 t/m 30-03-2025,5438685,5927902,10000,1162086211,1263009042,1000000000
2025,12,17-03-2025 t/m 23-03-2025,4046339,4434905,10000,1156647527,1257081141,1000000000
2025,11,10-03-2025 t/m 16-03-2025,2875167,3142821,10000,1152601188,1252646237,1000000000
2025,10,03-03-2025 t/m 09-03-2025,5830630,6337221,10000,1149726021,1249503416,1000000000
2025,9,24-02-2025 t/m 02-03-2025,5191230,5680154,10000,1143895392,1243166196,1000000000
2025,8,17-02-2025 t/m 23-02-2025,3915363,4221508,10000,1138704162,1237486042,1000000000
2025,7,10-02-2025 t/m 16-02-2025,3680607,4023963,10000,1134788799,1233264535,1000000000
2025,6,03-02-2025 t/m 09-02-2025,4883399,5376846,10000,1131108193,1229240572,1000000000
2025,5,27-01-2025 t/m 02-02-2025,4674879,5105707,10000,1126224794,1223863727,1000000000
2025,4,20-01-2025 t/m 26-01-2025,4389712,4822948,10000,1121549916,1218758020,1000000000
2025,3,13-01-2025 t/m 19-01-2025,4587740,5009049,10000,1117160204,1213935073,1000000000
2025,2,06-01-2025 t/m 12-01-2025,3548236,3953662,10000,1112572464,1208926025,1000000000
2025,1,30-12-2024 t/m 05-01-2025,3161481,3504234,10000,1109024229,1204972363,1000000000
2024,52,23-12-2024 t/m 29-12-2024,0,0,10000,1105862749,1201468130,1000000000
2024,51,16-12-2024 t/m 22-12-2024,2590104,2904787,10000,1105862749,1201468130,1000000000
2024,50,09-12-2024 t/m 15-12-2024,2775478,3108547,10000,1103272645,1198563344,1000000000
2024,49,02-12-2024 t/m 08-12-2024,3167030,3558439,10000,1100497167,1195454797,1000000000
2024,48,25-11-2024 t/m 01-12-2024,7812670,8755627,10000,1097330138,1191896359,1000000000
2024,47,18-11-2024 t/m 24-11-2024,583447,653876,10000,1089517468,1183140732,1000000000
2024,46,11-11-2024 t/m 17-11-2024,957674,1104060,10000,1088934022,1182486856,1000000000
2024,45,04-11-2024 t/m 10-11-2024,2462703,2734485,10000,1087976348,1181382797,1000000000
2024,44,28-10-2024 t/m 03-11-2024,3274768,3643720,10000,1085513646,1178648313,1000000000
2024,43,21-10-2024 t/m 27-10-2024,3459084,3824445,10000,1082238878,1175004593,1000000000
2024,42,14-10-2024 t/m 20-10-2024,3477006,3890284,10000,1078779795,1171180148,1000000000
2024,41,07-10-2024 t/m 13-10-2024,3324812,3732496,10000,1075302789,1167289864,1000000000
2024,40,30-09-2024 t/m 06-10-2024,3069336,3376769,10000,1071977978,1163557369,1000000000
2024,39,23-09-2024 t/m 29-09-2024,2408822,2639232,10000,1068908642,1160180601,1000000000
2024,38,16-09-2024 t/m 22-09-2024,2368902,2636490,10000,1066499820,1157541369,1000000000
2024,37,09-09-2024 t/m 15-09-2024,3050721,3355667,10000,1064130918,1154904879,1000000000
2024,36,02-09-2024 t/m 08-09-2024,2355991,2637295,10000,1061080198,1151549212,1000000000
2024,35,26-08-2024 t/m 01-09-2024,2563980,2851798,10000,1058724208,1148911918,1000000000
2024,34,19-08-2024 t/m 25-08-2024,4505068,4999441,10000,1056160228,1146060120,1000000000
2024,33,12-08-2024 t/m 18-08-2024,4725848,5284338,10000,1051655161,1141060680,1000000000
2024,32,05-08-2024 t/m 11-08-2024,6009801,6680272,10000,1046929313,1135776343,1000000000
2024,31,29-07-2024 t/m 04-08-2024,3579561,4048287,10000,1040919513,1129096071,1000000000
2024,30,22-07-2024 t/m 28-07-2024,7866986,8755693,10000,1037339952,1125047785,1000000000
2024,29,15-07-2024 t/m 21-07-2024,3943365,4441613,10000,1029472967,1116292093,1000000000
2024,28,08-07-2024 t/m 14-07-2024,4011554,4427458,10000,1025529602,1111850480,1000000000
2024,27,01-07-2024 t/m 07-07-2024,3287935,3603702,10000,1021518048,1107423022,1000000000
2024,26,24-06-2024 t/m 30-06-2024,3406384,3744475,10000,1018230114,1103819321,1000000000
2024,25,17-06-2024 t/m 23-06-2024,6013602,6665110,10000,1014823731,1100074846,1000000000
2024,24,10-06-2024 t/m 16-06-2024,7905257,8821406,10000,1008810130,1093409736,1000000000
2024,23,03-06-2024 t/m 09-06-2024,4337656,4804674,10000,1000904873,1084588331,1000000000
2024,22,27-05-2024 t/m 02-06-2024,4184600,4647663,10000,996567217,1079783657,1000000000
2024,21,20-05-2024 t/m 26-05-2024,6699563,7404903,10000,992382618,1075135994,1000000000
2024,20,13-05-2024 t/m 19-05-2024,5639623,6359423,10000,985683056,1067731091,1000000000
2024,19,06-05-2024 t/m 12-05-2024,5280347,5894487,10000,980043433,1061371669,1000000000
2024,18,29-04-2024 t/m 05-05-2024,2214094,2496415,10000,974763087,1055477182,1000000000
2024,17,22-04-2024 t/m 28-04-2024,2520613,2785453,10000,972548993,1052980768,1000000000
2024,16,15-04-2024 t/m 21-04-2024,3518965,3917130,10000,970028381,1050195315,1000000000
2024,15,08-04-2024 t/m 14-04-2024,4176856,4795393,10000,966509416,1046278186,1000000000
2024,14,01-04-2024 t/m 07-04-2024,2086490,2354586,10000,962332561,1041482794,1000000000
2024,13,25-03-2024 t/m 31-03-2024,4576518,5308682,10000,960246072,1039128208,1000000000
2024,12,18-03-2024 t/m 24-03-2024,3721351,4146965,10000,955669554,1033819526,1000000000
2024,11,11-03-2024 t/m 17-03-2024,2018422,2237237,10000,951948203,1029672562,1000000000
2024,10,04-03-2024 t/m 10-03-2024,2799566,3072867,10000,949929782,1027435326,1000000000
2024,9,26-02-2024 t/m 03-03-2024,3234023,3562261,10000,947130216,1024362459,1000000000
2024,8,19-02-2024 t/m 25-02-2024,5167735,5642536,10000,943896193,1020800198,1000000000
2024,7,12-02-2024 t/m 18-02-2024,4911512,5380034,10000,938728458,1015157663,1000000000
2024,6,05-02-2024 t/m 11-02-2024,3457014,3851168,10000,933816947,1009777629,1000000000
2024,5,29-01-2024 t/m 04-02-2024,4251638,4725599,10000,930359933,1005926462,1000000000
2024,4,22-01-2024 t/m 28-01-2024,7393819,8262492,10000,926108296,1001200863,1000000000
2024,3,15-01-2024 t/m 21-01-2024,6875383,7846540,10000,918714477,992938371,1000000000
2024,2,08-01-2024 t/m 14-01-2024,2703170,3043897,10000,911839095,985091831,1000000000
2024,1,01-01-2024 t/m 07-01-2024,3211323,3547772,10000,909135926,982047935,1000000000
2023,52,25-12-2023 t/m 31-12-2023,0,0,10000,905924603,978500164,1000000000
2023,51,18-12-2023 t/m 24-12-2023,4993628,5551186,10000,905924603,978500164,1000000000
2023,50,11-12-2023 t/m 17-12-2023,5060025,5581961,10000,900930975,972948978,1000000000
2023,49,04-12-2023 t/m 10-12-2023,4043272,4501468,10000,895870951,967367018,1000000000
2023,48,27-11-2023 t/m 03-12-2023,4963420,5516379,10000,891827680,962865551,1000000000
2023,47,20-11-2023 t/m 26-11-2023,4457014,4942212,10000,886864260,957349172,1000000000
2023,46,13-11-2023 t/m 19-11-2023,4661058,5106388,10000,882407247,952406960,1000000000
2023,45,06-11-2023 t/m 12-11-2023,3142486,3511650,10000,877746189,947300573,1000000000
2023,44,30-10-2023 t/m 05-11-2023,4071894,4736072,10000,874603704,943788923,1000000000
2023,43,23-10-2023 t/m 29-10-2023,1306583,1449648,10000,870531811,939052851,1000000000
2023,42,16-10-2023 t/m 22-10-2023,681413,739848,10000,869225228,937603204,1000000000
2023,41,09-10-2023 t/m 15-10-2023,2432986,2685401,10000,868543816,936863357,1000000000
2023,40,02-10-2023 t/m 08-10-2023,1835311,2051664,10000,866110831,934177956,1000000000
2023,39,25-09-2023 t/m 01-10-2023,1520101,1694393,10000,864275520,932126292,1000000000
2023,38,18-09-2023 t/m 24-09-2023,2320376,2529968,10000,862755419,930431900,1000000000
2023,37,11-09-2023 t/m 17-09-2023,2284185,2505100,10000,860435044,927901932,1000000000
2023,36,04-09-2023 t/m 10-09-2023,1403929,1522659,10000,858150860,925396832,1000000000
2023,35,28-08-2023 t/m 03-09-2023,1229285,1358467,10000,856746931,923874173,1000000000
2023,34,21-08-2023 t/m 27-08-2023,939716,1037496,10000,855517646,922515707,1000000000
2023,33,14-08-2023 t/m 20-08-2023,1023697,1141504,10000,854577930,921478211,1000000000
2023,32,07-08-2023 t/m 13-08-2023,1015417,1108848,10000,853554234,920336708,1000000000
2023,31,31-07-2023 t/m 06-08-2023,1326483,1455271,10000,852538817,919227860,1000000000
2023,30,24-07-2023 t/m 30-07-2023,1541338,1703718,10000,851212335,917772590,1000000000
2023,29,17-07-2023 t/m 23-07-2023,2354700,2558424,10000,849670998,916068873,1000000000
2023,28,10-07-2023 t/m 16-07-2023,1577965,1726830,10000,847316298,913510450,1000000000
2023,27,03-07-2023 t/m 09-07-2023,1760247,1916544,10000,845738333,911783620,1000000000
2023,26,26-06-2023 t/m 02-07-2023,2109642,2288341,10000,843978087,909867077,1000000000
2023,25,19-06-2023 t/m 25-06-2023,1390106,1506857,10000,841868445,907578736,1000000000
2023,24,12-06-2023 t/m 18-06-2023,1144865,1251857,10000,840478339,906071880,1000000000
2023,23,05-06-2023 t/m 11-06-2023,1470181,1598027,10000,839333475,904820023,1000000000
2023,22,29-05-2023 t/m 04-06-2023,2091115,2269216,10000,837863295,903221996,1000000000
2023,21,22-05-2023 t/m 28-05-2023,0,400,10000,835772180,900952780,1000000000
2023,20,15-05-2023 t/m 21-05-2023,63406,70385,10000,835772180,900952380,1000000000
2023,19,08-05-2023 t/m 14-05-2023,1151,1554,10000,835708774,900881996,1000000000
2023,18,01-05-2023 t/m 07-05-2023,282113,325058,10000,835707623,900880442,1000000000
2023,17,24-04-2023 t/m 30-04-2023,1390953,1536734,10000,835425511,900555385,1000000000
2023,16,17-04-2023 t/m 23-04-2023,1262835,1432408,10000,834034558,899018651,1000000000
2023,15,10-04-2023 t/m 16-04-2023,1187406,1326748,10000,832771724,897586244,1000000000
2023,14,03-04-2023 t/m 09-04-2023,1166578,1289695,10000,831584318,896259497,1000000000
2023,13,27-03-2023 t/m 02-04-2023,613152,691398,10000,830417741,894969802,1000000000
2023,12,20-03-2023 t/m 26-03-2023,1635131,1812215,10000,829804589,894278405,1000000000
2023,11,13-03-2023 t/m 19-03-2023,1561937,1759860,10000,828169459,892466190,1000000000
2023,10,06-03-2023 t/m 12-03-2023,1366305,1535566,10000,826607523,890706330,1000000000
2023,9,27-02-2023 t/m 05-03-2023,2078950,2305682,10000,825241218,889170764,1000000000
2023,8,20-02-2023 t/m 26-02-2023,1501612,1671425,10000,823162269,886865082,1000000000
2023,7,13-02-2023 t/m 19-02-2023,1834249,2066794,10000,821660657,885193658,1000000000
2023,6,06-02-2023 t/m 12-02-2023,1441270,1627838,10000,819826409,883126864,1000000000
2023,5,30-01-2023 t/m 05-02-2023,2689948,2948608,10000,818385140,881499027,1000000000
2023,4,23-01-2023 t/m 29-01-2023,1630934,1831727,10000,815695192,878550420,1000000000
2023,3,16-01-2023 t/m 22-01-2023,1859285,2094935,10000,814064258,876718694,1000000000
2023,2,09-01-2023 t/m 15-01-2023,1973354,2240924,10000,812204974,874623759,1000000000
2023,1,02-01-2023 t/m 08-01-2023,2486375,2783155,10000,810231620,872382835,1000000000
2022,52,26-12-2022 t/m 01-01-2023,0,0,10000,807745246,869599681,1000000000
2022,51,19-12-2022 t/m 25-12-2022,802598,891411,10000,807745246,869599681,1000000000
2022,50,12-12-2022 t/m 18-12-2022,1300439,1448000,10000,806942648,868708270,1000000000
2022,49,05-12-2022 t/m 11-12-2022,1342358,1516909,10000,805642209,867260271,1000000000
2022,48,28-11-2022 t/m 04-12-2022,2131462,2315659,10000,804299852,865743363,1000000000
2022,47,21-11-2022 t/m 27-11-2022,2478991,2754697,10000,802168391,863427704,1000000000
2022,46,14-11-2022 t/m 20-11-2022,1770115,1968376,10000,799689400,860673007,1000000000
2022,45,07-11-2022 t/m 13-11-2022,2537637,2826944,10000,797919285,858704631,1000000000
2022,44,31-10-2022 t/m 06-11-2022,2946567,3278271,10000,795381649,855877688,1000000000
2022,43,24-10-2022 t/m 30-10-2022,2269282,2506735,10000,792435082,852599418,1000000000
2022,42,17-10-2022 t/m 23-10-2022,3215052,3513984,10000,790165801,850092683,1000000000
2022,41,10-10-2022 t/m 16-10-2022,930232,1049349,10000,786950749,846578699,1000000000
2022,40,03-10-2022 t/m 09-10-2022,1605455,1790321,10000,786020517,845529351,1000000000
2022,39,26-09-2022 t/m 02-10-2022,2043649,2257904,10000,784415062,843739030,1000000000
2022,38,19-09-2022 t/m 25-09-2022,1477093,1615076,10000,782371414,841481127,1000000000
2022,37,12-09-2022 t/m 18-09-2022,2036286,2224601,10000,780894321,839866052,1000000000
2022,36,05-09-2022 t/m 11-09-2022,2223110,2436159,10000,778858036,837641452,1000000000
2022,35,29-08-2022 t/m 04-09-2022,1645731,1804815,10000,776634926,835205294,1000000000
2022,34,22-08-2022 t/m 28-08-2022,1598954,1779219,10000,774989196,833400479,1000000000
2022,33,15-08-2022 t/m 21-08-2022,1939909,2111588,10000,773390242,831621261,1000000000
2022,32,08-08-2022 t/m 14-08-2022,1358730,1518094,10000,771450334,829509674,1000000000
2022,31,01-08-2022 t/m 07-08-2022,852503,966725,10000,770091605,827991580,1000000000
2022,30,25-07-2022 t/m 31-07-2022,1530784,1693345,10000,769239102,827024855,1000000000
2022,29,18-07-2022 t/m 24-07-2022,2284082,2501084,10000,767708318,825331511,1000000000
2022,28,11-07-2022 t/m 17-07-2022,1251627,1376731,10000,765424236,822830427,1000000000
2022,27,04-07-2022 t/m 10-07-2022,1578317,1749775,10000,764172609,821453697,1000000000
2022,26,27-06-2022 t/m 03-07-2022,1795312,1981184,10000,762594292,819703922,1000000000
2022,25,20-06-2022 t/m 26-06-2022,2289109,2507952,10000,760798981,817722739,1000000000
2022,24,13-06-2022 t/m 19-06-2022,1888898,2068896,10000,758509872,815214787,1000000000
2022,23,06-06-2022 t/m 12-06-2022,1722567,1902588,10000,756620974,813145891,1000000000
2022,22,30-05-2022 t/m 05-06-2022,2420201,2694254,10000,754898408,811243304,1000000000
2022,21,23-05-2022 t/m 29-05-2022,2126851,2345829,10000,752478207,808549051,1000000000
2022,20,16-05-2022 t/m 22-05-2022,2698391,2975738,10000,750351357,806203222,1000000000
2022,19,09-05-2022 t/m 15-05-2022,1767327,1970702,10000,747652966,803227484,1000000000
2022,18,02-05-2022 t/m 08-05-2022,1843325,2069099,10000,745885640,801256783,1000000000
2022,17,25-04-2022 t/m 01-05-2022,2142398,2361935,10000,744042316,799187685,1000000000
2022,16,18-04-2022 t/m 24-04-2022,1905340,2123790,10000,741899918,796825750,1000000000
2022,15,11-04-2022 t/m 17-04-2022,2143341,2378829,10000,739994578,794701960,1000000000
2022,14,04-04-2022 t/m 10-04-2022,1559971,1720136,10000,737851238,792323132,1000000000
2022,13,28-03-2022 t/m 03-04-2022,1565487,1746461,10000,736291267,790602996,1000000000
2022,12,21-03-2022 t/m 27-03-2022,1772769,1977643,10000,734725780,788856536,1000000000
2022,11,14-03-2022 t/m 20-03-2022,2343588,2583506,10000,732953011,786878893,1000000000
2022,10,07-03-2022 t/m 13-03-2022,2261739,2463795,10000,730609424,784295388,1000000000
2022,9,28-02-2022 t/m 06-03-2022,1962570,2382016,10000,728347686,781831593,1000000000
2022,8,21-02-2022 t/m 27-02-2022,2246637,2514368,10000,726385116,779449578,1000000000
2022,7,14-02-2022 t/m 20-02-2022,4663994,5196163,10000,724138480,776935210,1000000000
2022,6,07-02-2022 t/m 13-02-2022,3381655,3823965,10000,719474486,771739048,1000000000
2022,5,31-01-2022 t/m 06-02-2022,3820909,4248610,10000,716092832,767915084,1000000000
2022,4,24-01-2022 t/m 30-01-2022,2831143,3141952,10000,712271923,763666475,1000000000
2022,3,17-01-2022 t/m 23-01-2022,2426532,2676229,10000,709440781,760524523,1000000000
2022,2,10-01-2022 t/m 16-01-2022,2307367,2593956,10000,707014249,757848294,1000000000
2022,1,03-01-2022 t/m 09-01-2022,4641642,5080679,10000,704706883,755254339,1000000000
2021,52,27-12-2021 t/m 02-01-2022,0,0,10000,700065241,750173660,1000000000
2021,51,20-12-2021 t/m 26-12-2021,3799905,4228955,10000,700065241,750173660,1000000000
2021,50,13-12-2021 t/m 19-12-2021,4876095,5435999,10000,696265337,745944706,1000000000
2021,49,06-12-2021 t/m 12-12-2021,2008874,2231141,10000,691389243,740508707,1000000000
2021,48,29-11-2021 t/m 05-12-2021,3099975,3459323,10000,689380369,738277567,1000000000
2021,47,22-11-2021 t/m 28-11-2021,4307363,5036190,10000,686280394,734818244,1000000000
2021,46,15-11-2021 t/m 21-11-2021,3002275,3519960,10000,681973031,729782055,1000000000
2021,45,08-11-2021 t/m 14-11-2021,2905804,3163712,10000,678970756,726262095,1000000000
2021,44,01-11-2021 t/m 07-11-2021,3750041,4074411,10000,676064953,723098383,1000000000
2021,43,25-10-2021 t/m 31-10-2021,2266127,2470501,10000,672314913,719023972,1000000000
2021,42,18-10-2021 t/m 24-10-2021,2285847,2487160,10000,670048786,716553472,1000000000
2021,41,11-10-2021 t/m 17-10-2021,1664382,1812936,10000,667762940,714066313,1000000000
2021,40,04-10-2021 t/m 10-10-2021,3172952,3423569,10000,666098558,712253378,1000000000
2021,39,27-09-2021 t/m 03-10-2021,2374647,2564683,10000,662925607,708829809,1000000000
2021,38,20-09-2021 t/m 26-09-2021,2606896,2833235,10000,660550961,706265126,1000000000
2021,37,13-09-2021 t/m 19-09-2021,2519025,2726235,10000,657944065,703431892,1000000000
2021,36,06-09-2021 t/m 12-09-2021,2549508,2780659,10000,655425040,700705657,1000000000
2021,35,30-08-2021 t/m 05-09-2021,2457862,2667436,10000,652875533,697924998,1000000000
2021,34,23-08-2021 t/m 29-08-2021,3648939,3998807,10000,650417672,695257563,1000000000
2021,33,16-08-2021 t/m 22-08-2021,866559,941675,10000,646768733,691258756,1000000000
2021,32,09-08-2021 t/m 15-08-2021,3221781,3491779,10000,645902175,690317082,1000000000
2021,31,02-08-2021 t/m 08-08-2021,3219239,3472248,10000,642680394,686825304,1000000000
2021,30,26-07-2021 t/m 01-08-2021,4713593,5148786,10000,639461155,683353057,1000000000
2021,29,19-07-2021 t/m 25-07-2021,5812474,6301143,10000,634747562,678204271,1000000000
2021,28,12-07-2021 t/m 18-07-2021,10058195,11160213,10000,628935088,671903128,1000000000
2021,27,05-07-2021 t/m 11-07-2021,7505037,8002955,10000,618876894,660742916,1000000000
2021,26,28-06-2021 t/m 04-07-2021,9307276,9871915,10000,611371858,652739962,1000000000
2021,25,21-06-2021 t/m 27-06-2021,7206015,7654778,10000,602064582,642868047,1000000000
2021,24,14-06-2021 t/m 20-06-2021,5866579,6222805,10000,594858567,635213270,1000000000
2021,23,07-06-2021 t/m 13-06-2021,7613193,8106575,10000,588991989,628990465,1000000000
2021,22,31-05-2021 t/m 06-06-2021,9093092,9612600,10000,581378796,620883890,1000000000
2021,21,24-05-2021 t/m 30-05-2021,7091529,7502670,10000,572285705,611271291,1000000000
2021,20,17-05-2021 t/m 23-05-2021,9885778,10683164,10000,565194176,603768622,1000000000
2021,19,10-05-2021 t/m 16-05-2021,6561389,6989629,10000,555308398,593085458,1000000000
2021,18,03-05-2021 t/m 09-05-2021,6584886,7026426,10000,548747010,586095829,1000000000
2021,17,26-04-2021 t/m 02-05-2021,9620794,10265648,10000,542162124,579069404,1000000000
2021,16,19-04-2021 t/m 25-04-2021,5920494,6295217,10000,532541331,568803756,1000000000
2021,15,12-04-2021 t/m 18-04-2021,7457285,7987592,10000,526620838,562508540,1000000000
2021,14,05-04-2021 t/m 11-04-2021,8024523,8605081,10000,519163553,554520948,1000000000
2021,13,29-03-2021 t/m 04-04-2021,3321216,3557606,10000,511139030,545915867,1000000000
2021,12,22-03-2021 t/m 28-03-2021,6789325,7307036,10000,507817815,542358262,1000000000
2021,11,15-03-2021 t/m 21-03-2021,8724910,9362174,10000,501028491,535051226,1000000000
2021,10,08-03-2021 t/m 14-03-2021,7479382,7990647,10000,492303582,525689052,1000000000
2021,9,01-03-2021 t/m 07-03-2021,6936690,7443167,10000,484824201,517698406,1000000000
2021,8,22-02-2021 t/m 28-02-2021,7323478,7862728,10000,477887511,510255240,1000000000
2021,7,15-02-2021 t/m 21-02-2021,7071871,7624483,10000,470564033,502392513,1000000000
2021,6,08-02-2021 t/m 14-02-2021,5602814,6039234,10000,463492163,494768030,1000000000
2021,5,01-02-2021 t/m 07-02-2021,4948227,5318310,10000,457889349,488728796,1000000000
2021,4,25-01-2021 t/m 31-01-2021,7292818,7844105,10000,452941123,483410487,1000000000
2021,3,18-01-2021 t/m 24-01-2021,4984917,5357167,10000,445648305,475566382,1000000000
2021,2,11-01-2021 t/m 17-01-2021,7527859,8103653,10000,440663389,470209216,1000000000
2021,1,04-01-2021 t/m 10-01-2021,3437048,3704605,10000,433135531,462105563,1000000000
2020,53,28-12-2020 t/m 03-01-2021,22615,24032,10000,429698483,458400958,1000000000
2020,52,21-12-2020 t/m 27-12-2020,5869703,6309212,10000,429675869,458376927,1000000000
2020,51,14-12-2020 t/m 20-12-2020,7926766,8525131,10000,423806166,452067716,1000000000
2020,50,07-12-2020 t/m 13-12-2020,11460305,12335268,10000,415879400,443542586,1000000000
2020,49,30-11-2020 t/m 06-12-2020,10317142,11066442,10000,404419096,431207318,1000000000
2020,48,23-11-2020 t/m 29-11-2020,5446567,5843756,10000,394101954,420140877,1000000000
2020,47,16-11-2020 t/m 22-11-2020,6209134,6667932,10000,388655387,414297121,1000000000
2020,46,09-11-2020 t/m 15-11-2020,6690550,7186700,10000,382446253,407629190,1000000000
2020,45,02-11-2020 t/m 08-11-2020,7103986,7864198,10000,375755704,400442490,1000000000
2020,44,26-10-2020 t/m 01-11-2020,5975721,6383156,10000,368651718,392578293,1000000000
2020,43,19-10-2020 t/m 25-10-2020,10096431,10788273,10000,362675998,386195138,1000000000
2020,42,12-10-2020 t/m 18-10-2020,7983719,8574059,10000,352579567,375406865,1000000000
2020,41,05-10-2020 t/m 11-10-2020,7819438,8431875,10000,344595849,366832806,1000000000
2020,40,28-09-2020 t/m 04-10-2020,6667392,7116708,10000,336776411,358400932,1000000000
2020,39,21-09-2020 t/m 27-09-2020,8287992,8817052,10000,330109020,351284224,1000000000
2020,38,14-09-2020 t/m 20-09-2020,4698816,5028284,10000,321821029,342467173,1000000000
2020,37,07-09-2020 t/m 13-09-2020,5251068,5616517,10000,317122213,337438889,1000000000
2020,36,31-08-2020 t/m 06-09-2020,4342245,4615877,10000,311871146,331822373,1000000000
2020,35,24-08-2020 t/m 30-08-2020,5389448,5777654,10000,307528901,327206496,1000000000
2020,34,17-08-2020 t/m 23-08-2020,3338114,3570779,10000,302139453,321428843,1000000000
2020,33,10-08-2020 t/m 16-08-2020,6660374,7124840,10000,298801340,317858064,1000000000
2020,32,03-08-2020 t/m 09-08-2020,5662948,6044210,10000,292140966,310733225,1000000000
2020,31,27-07-2020 t/m 02-08-2020,8730253,9284201,10000,286478019,304689015,1000000000
2020,30,20-07-2020 t/m 26-07-2020,5114532,5467756,10000,277747766,295404814,1000000000
2020,29,13-07-2020 t/m 19-07-2020,7229767,7715311,10000,272633234,289937059,1000000000
2020,28,06-07-2020 t/m 12-07-2020,2869555,3075724,10000,265403467,282221748,1000000000
2020,27,29-06-2020 t/m 05-07-2020,3928797,4193794,10000,262533913,279146025,1000000000
2020,26,22-06-2020 t/m 28-06-2020,3962690,4236054,10000,258605116,274952232,1000000000
2020,25,15-06-2020 t/m 21-06-2020,4698281,5159940,10000,254642426,270716178,1000000000
2020,24,08-06-2020 t/m 14-06-2020,4012139,4339630,10000,249944146,265556239,1000000000
2020,23,01-06-2020 t/m 07-06-2020,3191410,3446625,10000,245932007,261216609,1000000000
2020,22,25-05-2020 t/m 31-05-2020,3920290,4203722,10000,242740598,257769985,1000000000
2020,21,18-05-2020 t/m 24-05-2020,4171235,4375872,10000,238820308,253566263,1000000000
2020,20,11-05-2020 t/m 17-05-2020,6541057,6952780,10000,234649073,249190392,1000000000
2020,19,04-05-2020 t/m 10-05-2020,3027036,3242426,10000,228108017,242237613,1000000000
2020,18,27-04-2020 t/m 03-05-2020,6318318,6702925,10000,225080981,238995187,1000000000
2020,17,20-04-2020 t/m 26-04-2020,7052398,7503246,10000,218762664,232292262,1000000000
2020,16,13-04-2020 t/m 19-04-2020,7244434,7702060,10000,211710267,224789016,1000000000
2020,15,06-04-2020 t/m 12-04-2020,4242734,4548357,10000,204465833,217086957,1000000000
2020,14,30-03-2020 t/m 05-04-2020,6315422,6768106,10000,200223100,212538600,1000000000
2020,13,23-03-2020 t/m 29-03-2020,4338624,4693539,10000,193907678,205770495,1000000000
2020,12,16-03-2020 t/m 22-03-2020,5326759,5709566,10000,189569055,201076957,1000000000
2020,11,09-03-2020 t/m 15-03-2020,4769334,5182996,10000,184242296,195367391,1000000000
2020,10,02-03-2020 t/m 08-03-2020,8790096,9518335,10000,179472962,190184396,1000000000
2020,9,24-02-2020 t/m 01-03-2020,4977992,5370753,10000,170682867,180666062,1000000000
2020,8,17-02-2020 t/m 23-02-2020,5744179,6143115,10000,165704875,175295310,1000000000
2020,7,10-02-2020 t/m 16-02-2020,4661520,4959527,10000,159960696,169152195,1000000000
2020,6,03-02-2020 t/m 09-02-2020,3803908,4067788,10000,155299177,164192669,1000000000
2020,5,27-01-2020 t/m 02-02-2020,3027247,3239326,10000,151495269,160124881,1000000000
2020,4,20-01-2020 t/m 26-01-2020,4014788,4329137,10000,148468023,156885555,1000000000
2020,3,13-01-2020 t/m 19-01-2020,4826564,5090328,10000,144453235,152556419,1000000000
2020,2,06-01-2020 t/m 12-01-2020,3571692,3803302,10000,139626672,147466091,1000000000
2020,1,30-12-2019 t/m 05-01-2020,0,0,10000,136054980,143662790,1000000000
2019,52,23-12-2019 t/m 29-12-2019,1895596,2066345,10000,136054980,143662790,1000000000
2019,51,16-12-2019 t/m 22-12-2019,3919334,4163132,10000,134159384,141596446,1000000000
2019,50,09-12-2019 t/m 15-12-2019,4531985,4894217,10000,130240051,137433314,1000000000
2019,49,02-12-2019 t/m 08-12-2019,3238987,3449321,10000,125708066,132539098,1000000000
2019,48,25-11-2019 t/m 01-12-2019,4038108,4346602,10000,122469080,129089777,1000000000
2019,47,18-11-2019 t/m 24-11-2019,3530130,3822689,10000,118430973,124743175,1000000000
2019,46,11-11-2019 t/m 17-11-2019,2357265,2517998,10000,114900843,120920487,1000000000
2019,45,04-11-2019 t/m 10-11-2019,2355116,2528033,10000,112543579,118402490,1000000000
2019,44,28-10-2019 t/m 03-11-2019,2758974,2924241,10000,110188464,115874457,1000000000
2019,43,21-10-2019 t/m 27-10-2019,2520694,2684130,10000,107429490,112950217,1000000000
2019,42,14-10-2019 t/m 20-10-2019,4975209,5268506,10000,104908797,110266087,1000000000
2019,41,07-10-2019 t/m 13-10-2019,1847967,1974427,10000,99933588,104997582,1000000000
2019,40,30-09-2019 t/m 06-10-2019,2843098,3042454,10000,98085622,103023156,1000000000
2019,39,23-09-2019 t/m 29-09-2019,2060790,2184720,10000,95242524,99980702,1000000000
2019,38,16-09-2019 t/m 22-09-2019,2281185,2452512,10000,93181735,97795982,1000000000
2019,37,09-09-2019 t/m 15-09-2019,2364530,2487730,10000,90900551,95343471,1000000000
2019,36,02-09-2019 t/m 08-09-2019,2627858,2778407,10000,88536021,92855741,1000000000
2019,35,26-08-2019 t/m 01-09-2019,4575961,4748787,10000,85908164,90077335,1000000000
2019,34,19-08-2019 t/m 25-08-2019,4054569,4179027,10000,81332203,85328548,1000000000
2019,33,12-08-2019 t/m 18-08-2019,3994923,4143369,10000,77277635,81149522,1000000000
2019,32,05-08-2019 t/m 11-08-2019,7043120,7142094,10000,73282712,77006153,1000000000
2019,31,29-07-2019 t/m 04-08-2019,9757264,9838723,10000,66239593,69864060,1000000000
2019,30,22-07-2019 t/m 28-07-2019,8238804,8403858,10000,56482330,60025337,1000000000
2019,29,15-07-2019 t/m 21-07-2019,8249908,8410618,10000,48243527,51621480,1000000000
2019,28,08-07-2019 t/m 14-07-2019,5748342,6117968,10000,39993619,43210862,1000000000
2019,27,01-07-2019 t/m 07-07-2019,820313,964027,10000,34245278,37092895,1000000000
2019,26,24-06-2019 t/m 30-06-2019,1712291,1895849,10000,33424965,36128868,1000000000
2019,25,17-06-2019 t/m 23-06-2019,1903162,2112872,10000,31712675,34233020,1000000000
2019,24,10-06-2019 t/m 16-06-2019,572974,651293,10000,29809513,32120149,1000000000
2019,23,03-06-2019 t/m 09-06-2019,1639226,1851242,10000,29236539,31468856,1000000000
2019,22,27-05-2019 t/m 02-06-2019,908798,1040088,10000,27597314,29617614,1000000000
2019,21,20-05-2019 t/m 26-05-2019,1367877,1534468,10000,26688517,28577527,1000000000
2019,20,13-05-2019 t/m 19-05-2019,2184525,2498254,10000,25320640,27043059,1000000000
2019,19,06-05-2019 t/m 12-05-2019,1511064,1711944,10000,23136116,24544806,1000000000
2019,18,29-04-2019 t/m 05-05-2019,1023733,1110143,10000,21625053,22832862,1000000000
2019,17,22-04-2019 t/m 28-04-2019,1209094,1283020,10000,20601320,21722720,1000000000
2019,16,15-04-2019 t/m 21-04-2019,982154,1053554,10000,19392226,20439700,1000000000
2019,15,08-04-2019 t/m 14-04-2019,1024315,1082361,10000,18410072,19386146,1000000000
2019,14,01-04-2019 t/m 07-04-2019,1399873,1490054,10000,17385758,18303786,1000000000
2019,13,25-03-2019 t/m 31-03-2019,1112061,1176138,10000,15985886,16813733,1000000000
2019,12,18-03-2019 t/m 24-03-2019,1056511,1124703,10000,14873825,15637595,1000000000
2019,11,11-03-2019 t/m 17-03-2019,606555,640777,10000,13817315,14512892,1000000000
2019,10,04-03-2019 t/m 10-03-2019,827195,865780,10000,13210760,13872116,1000000000
2019,9,25-02-2019 t/m 03-03-2019,568224,602549,10000,12383566,13006336,1000000000
2019,8,18-02-2019 t/m 24-02-2019,834129,892626,10000,11815342,12403787,1000000000
2019,7,11-02-2019 t/m 17-02-2019,281460,295256,10000,10981214,11511161,1000000000
2019,6,04-02-2019 t/m 10-02-2019,297371,316214,10000,10699755,11215906,1000000000
2019,5,28-01-2019 t/m 03-02-2019,1245831,1305800,10000,10402384,10899693,1000000000
2019,4,21-01-2019 t/m 27-01-2019,690891,736142,10000,9156553,9593893,1000000000
2019,3,14-01-2019 t/m 20-01-2019,547365,576218,10000,8465663,8857752,1000000000
2019,2,07-01-2019 t/m 13-01-2019,84912,87727,10000,7918298,8281535,1000000000
2019,1,31-12-2018 t/m 06-01-2019,1,1,10000,7833387,8193808,1000000000
2018,52,24-12-2018 t/m 30-12-2018,625056,625241,10000,7833387,8193808,1000000000
2018,51,17-12-2018 t/m 23-12-2018,665841,696345,10000,7208331,7568568,1000000000
2018,50,10-12-2018 t/m 16-12-2018,523741,550458,10000,6542490,6872224,1000000000
2018,49,03-12-2018 t/m 09-12-2018,522006,546245,10000,6018750,6321767,1000000000
2018,48,26-11-2018 t/m 02-12-2018,681274,710970,10000,5496745,5775522,1000000000
2018,47,19-11-2018 t/m 25-11-2018,438886,457619,10000,4815471,5064553,1000000000
2018,46,12-11-2018 t/m 18-11-2018,328460,347760,10000,4376585,4606934,1000000000
2018,45,05-11-2018 t/m 11-11-2018,141768,151953,10000,4048126,4259175,1000000000
2018,44,29-10-2018 t/m 04-11-2018,197162,206206,10000,3906358,4107223,1000000000
2018,43,22-10-2018 t/m 28-10-2018,179915,193076,10000,3709197,3901017,1000000000
2018,42,15-10-2018 t/m 21-10-2018,258368,275153,10000,3529282,3707942,1000000000
2018,41,08-10-2018 t/m 14-10-2018,482815,504548,10000,3270914,3432789,1000000000
2018,40,01-10-2018 t/m 07-10-2018,521047,551601,10000,2788100,2928242,1000000000
2018,39,24-09-2018 t/m 30-09-2018,228039,241139,10000,2267054,2376641,1000000000
2018,38,17-09-2018 t/m 23-09-2018,335108,351019,10000,2039015,2135503,1000000000
2018,37,10-09-2018 t/m 16-09-2018,220469,233160,10000,1703907,1784484,1000000000
2018,36,03-09-2018 t/m 09-09-2018,228477,242664,10000,1483439,1551325,1000000000
2018,35,27-08-2018 t/m 02-09-2018,534876,559330,10000,1254962,1308661,1000000000
2018,34,20-08-2018 t/m 26-08-2018,170312,180447,10000,720086,749332,1000000000
2018,33,13-08-2018 t/m 19-08-2018,171635,183397,10000,549775,568885,1000000000
2018,32,06-08-2018 t/m 12-08-2018,61933,63471,10000,378140,385488,1000000000
2018,31,30-07-2018 t/m 05-08-2018,33950,34868,10000,316208,322018,1000000000
2018,30,23-07-2018 t/m 29-07-2018,43542,45029,10000,282259,287150,1000000000
2018,29,16-07-2018 t/m 22-07-2018,49160,49763,10000,238718,242121,1000000000
2018,28,09-07-2018 t/m 15-07-2018,8088,8194,10000,189559,192359,1000000000
2018,27,02-07-2018 t/m 08-07-2018,105450,108145,10000,181471,184166,1000000000
2018,26,25-06-2018 t/m 01-07-2018,2213,2213,10000,76022,76022,1000000000
2018,25,18-06-2018 t/m 24-06-2018,11422,11422,10000,73809,73809,1000000000
2018,24,11-06-2018 t/m 17-06-2018,18842,18842,10000,62388,62388,1000000000
2018,23,04-06-2018 t/m 10-06-2018,17964,17964,10000,43546,43546,1000000000
2018,22,28-05-2018 t/m 03-06-2018,0,0,10000,25583,25583,1000000000
2018,21,21-05-2018 t/m 27-05-2018,25583,25583,10000,25583,25583,1000000000
2018,20,14-05-2018 t/m 20-05-2018,0,0,10000,0,0,1000000000
2018,19,07-05-2018 t/m 13-05-2018,0,0,10000,0,0,1000000000
2018,18,30-04-2018 t/m 06-05-2018,0,0,10000,0,0,1000000000
2018,17,23-04-2018 t/m 29-04-2018,0,0,10000,0,0,1000000000
2018,16,16-04-2018 t/m 22-04-2018,0,0,10000,0,0,1000000000
2018,15,09-04-2018 t/m 15-04-2018,0,0,10000,0,0,1000000000
2018,14,02-04-2018 t/m 08-04-2018,0,0,10000,0,0,1000000000
2018,13,26-03-2018 t/m 01-04-2018,0,0,10000,0,0,1000000000
2018,12,19-03-2018 t/m 25-03-2018,0,0,10000,0,0,1000000000
2018,11,12-03-2018 t/m 18-03-2018,0,0,10000,0,0,1000000000
2018,10,05-03-2018 t/m 11-03-2018,0,0,10000,0,0,1000000000
2018,9,26-02-2018 t/m 04-03-2018,0,0,10000,0,0,1000000000
2018,8,19-02-2018 t/m 25-02-2018,0,0,10000,0,0,1000000000
2018,7,12-02-2018 t/m 18-02-2018,0,0,10000,0,0,1000000000
2018,6,05-02-2018 t/m 11-02-2018,0,0,10000,0,0,1000000000
2018,5,29-01-2018 t/m 04-02-2018,0,0,10000,0,0,1000000000
2018,4,22-01-2018 t/m 28-01-2018,0,0,10000,0,0,1000000000
2018,3,15-01-2018 t/m 21-01-2018,0,0,10000,0,0,1000000000
2018,2,08-01-2018 t/m 14-01-2018,0,0,10000,0,0,1000000000
2018,1,01-01-2018 t/m 07-01-2018,0,0,10000,0,0,1000000000
2017,52,25-12-2017 t/m 31-12-2017,0,0,10000,0,0,1000000000
2017,51,18-12-2017 t/m 24-12-2017,0,0,10000,0,0,1000000000
2017,50,11-12-2017 t/m 17-12-2017,0,0,10000,0,0,1000000000
2017,49,04-12-2017 t/m 10-12-2017,0,0,10000,0,0,1000000000
2017,48,27-11-2017 t/m 03-12-2017,0,0,10000,0,0,1000000000
2017,47,20-11-2017 t/m 26-11-2017,0,0,10000,0,0,1000000000
2017,46,13-11-2017 t/m 19-11-2017,0,0,10000,0,0,1000000000
2017,45,06-11-2017 t/m 12-11-2017,0,0,10000,0,0,1000000000
2017,44,30-10-2017 t/m 05-11-2017,0,0,10000,0,0,1000000000
2017,43,23-10-2017 t/m 29-10-2017,0,0,10000,0,0,1000000000
2017,42,16-10-2017 t/m 22-10-2017,0,0,10000,0,0,1000000000
2017,41,09-10-2017 t/m 15-10-2017,0,0,10000,0,0,1000000000
2017,40,02-10-2017 t/m 08-10-2017,0,0,10000,0,0,1000000000
2017,39,25-09-2017 t/m 01-10-2017,0,0,10000,0,0,1000000000
2017,38,18-09-2017 t/m 24-09-2017,0,0,10000,0,0,1000000000
2017,37,11-09-2017 t/m 17-09-2017,0,0,10000,0,0,1000000000
2017,36,04-09-2017 t/m 10-09-2017,0,0,10000,0,0,1000000000
2017,35,28-08-2017 t/m 03-09-2017,0,0,10000,0,0,1000000000
2017,34,21-08-2017 t/m 27-08-2017,0,0,10000,0,0,1000000000
2017,33,14-08-2017 t/m 20-08-2017,0,0,10000,0,0,1000000000
2017,32,07-08-2017 t/m 13-08-2017,0,0,10000,0,0,1000000000
2017,31,31-07-2017 t/m 06-08-2017,0,0,10000,0,0,1000000000
2017,30,24-07-2017 t/m 30-07-2017,0,0,10000,0,0,1000000000
2017,29,17-07-2017 t/m 23-07-2017,0,0,10000,0,0,1000000000
2017,28,10-07-2017 t/m 16-07-2017,0,0,10000,0,0,1000000000
2017,27,03-07-2017 t/m 09-07-2017,0,0,10000,0,0,1000000000
2017,26,26-06-2017 t/m 02-07-2017,0,0,10000,0,0,1000000000
2017,25,19-06-2017 t/m 25-06-2017,0,0,10000,0,0,1000000000
2017,24,12-06-2017 t/m 18-06-2017,0,0,10000,0,0,1000000000
2017,23,05-06-2017 t/m 11-06-2017,0,0,10000,0,0,1000000000
2017,22,29-05-2017 t/m 04-06-2017,0,0,10000,0,0,1000000000
2017,21,22-05-2017 t/m 28-05-2017,0,0,10000,0,0,1000000000
2017,20,15-05-2017 t/m 21-05-2017,0,0,10000,0,0,1000000000
2017,19,08-05-2017 t/m 14-05-2017,0,0,10000,0,0,1000000000
2017,18,01-05-2017 t/m 07-05-2017,0,0,10000,0,0,1000000000
2017,17,24-04-2017 t/m 30-04-2017,0,0,10000,0,0,1000000000
2017,16,17-04-2017 t/m 23-04-2017,0,0,10000,0,0,1000000000
2017,15,10-04-2017 t/m 16-04-2017,0,0,10000,0,0,1000000000
2017,14,03-04-2017 t/m 09-04-2017,0,0,10000,0,0,1000000000
2017,13,31-03-2017 t/m 02-04-2017,0,0,10000,0,0,1000000000